cohort,group,gene,clinvar_total_submissions,clinvar_total_alleles,clinvar_path_lp_alleles,clinvar_n_conditions,in_clinvar
KIRC,OncoKB-FDR-sig,TPR,363.0,317.0,9.0,1.0,True
KIRC,OncoKB-FDR-sig,SPEN,1256.0,987.0,104.0,1.0,True
KIRC,OncoKB-FDR-sig,STAG2,1503.0,1232.0,50.0,2.0,True
KIRC,OncoKB-FDR-sig,ATM,50933.0,19500.0,4028.0,4.0,True
KIRC,OncoKB-FDR-sig,KDM5C,1745.0,1343.0,191.0,1.0,True
KIRC,OncoKB-FDR-sig,MTOR,4086.0,3194.0,54.0,2.0,True
KIRC,OncoKB-FDR-sig,PTEN,8857.0,4108.0,1321.0,11.0,True
KIRC,OncoKB-FDR-sig,SETD2,2159.0,1534.0,69.0,3.0,True
KIRC,OncoKB-FDR-sig,KMT2C,3659.0,2749.0,194.0,2.0,True
KIRC,OncoKB-FDR-sig,PBRM1,283.0,159.0,1.0,1.0,True
KIRC,OncoKB-FDR-sig,VHL,5099.0,2250.0,483.0,5.0,True
KIRC,OncoKB-FDR-sig,MKI67,764.0,680.0,1.0,,True
KIRC,OncoKB-FDR-sig,ARID1A,2639.0,1932.0,142.0,1.0,True
KIRC,OncoKB-FDR-sig,PCLO,4208.0,3398.0,77.0,2.0,True
KIRC,OncoKB-FDR-sig,FAT1,2835.0,1980.0,44.0,,True
KIRC,OncoKB-FDR-sig,LRP1B,864.0,737.0,12.0,,True
KIRC,OncoKB-FDR-sig,KAT6A,2824.0,2085.0,196.0,1.0,True
KIRC,OncoKB-FDR-sig,EPHA5,168.0,164.0,2.0,,True
KIRC,OncoKB-FDR-sig,ADAR,2346.0,1753.0,113.0,3.0,True
KIRC,novel-FDR-sig,ABCA13,1089.0,954.0,4.0,,True
KIRC,novel-FDR-sig,MAST4,463.0,430.0,3.0,,True
KIRC,novel-FDR-sig,ALMS1,13580.0,7420.0,1048.0,1.0,True
KIRC,novel-FDR-sig,SYNE1,13440.0,7095.0,398.0,5.0,True
KIRC,novel-FDR-sig,MYH4,342.0,333.0,,,True
KIRC,novel-FDR-sig,ROCK1,169.0,152.0,9.0,,True
KIRC,novel-FDR-sig,BRWD3,1735.0,1320.0,69.0,1.0,True
KIRC,novel-FDR-sig,RBM39,90.0,60.0,,,True
KIRC,novel-FDR-sig,FLG,3032.0,2154.0,247.0,3.0,True
KIRC,novel-FDR-sig,TNR,385.0,326.0,15.0,1.0,True
KIRC,novel-FDR-sig,LAMA4,4302.0,2283.0,4.0,4.0,True
KIRC,novel-FDR-sig,HUWE1,3626.0,2687.0,79.0,1.0,True
KIRC,novel-FDR-sig,DENND4A,228.0,195.0,1.0,,True
KIRC,novel-FDR-sig,CPEB4,106.0,90.0,2.0,,True
KIRC,novel-FDR-sig,NAV3,389.0,366.0,7.0,1.0,True
KIRC,novel-FDR-sig,SPTA1,3565.0,1590.0,214.0,5.0,True
KIRC,novel-FDR-sig,SACS,8150.0,4984.0,1008.0,1.0,True
KIRC,novel-FDR-sig,SALL1,1295.0,780.0,123.0,1.0,True
KIRC,novel-FDR-sig,DCHS2,410.0,332.0,,,True
KIRC,novel-FDR-sig,DST,5271.0,4105.0,202.0,4.0,True
KIRC,novel-FDR-sig,DNAH11,9478.0,6669.0,610.0,2.0,True
KIRC,novel-FDR-sig,RYR1,24471.0,11109.0,815.0,10.0,True
KIRC,novel-FDR-sig,KIAA1217,403.0,352.0,1.0,,True
KIRC,novel-FDR-sig,LRP1,1023.0,780.0,7.0,2.0,True
KIRC,novel-FDR-sig,VCAN,3396.0,2497.0,27.0,1.0,True
KIRC,novel-FDR-sig,ABCC4,377.0,311.0,2.0,,True
KIRC,novel-FDR-sig,YLPM1,435.0,410.0,,,True
KIRC,novel-FDR-sig,PATJ,313.0,134.0,2.0,,True
KIRC,novel-FDR-sig,CACNA1S,8434.0,3525.0,130.0,8.0,True
KIRC,novel-FDR-sig,HMCN1,5260.0,3892.0,2.0,2.0,True
KIRC,novel-FDR-sig,CSMD3,683.0,615.0,4.0,,True
KIRC,novel-FDR-sig,ABCC9,3830.0,2254.0,105.0,8.0,True
KIRC,novel-FDR-sig,SRCAP,3500.0,2451.0,112.0,2.0,True
KIRC,novel-FDR-sig,DNAH2,995.0,859.0,9.0,1.0,True
KIRC,novel-FDR-sig,ANK3,2667.0,1873.0,29.0,1.0,True
KIRC,novel-FDR-sig,MYH7,15318.0,5860.0,442.0,14.0,True
KIRC,novel-FDR-sig,ZNF407,923.0,729.0,6.0,1.0,True
KIRC,novel-FDR-sig,CUBN,4318.0,2608.0,208.0,2.0,True
KIRC,novel-FDR-sig,PLXNA4,827.0,724.0,2.0,,True
KIRC,novel-FDR-sig,TLN2,546.0,497.0,,,True
KIRC,novel-FDR-sig,TRIOBP,2008.0,1168.0,107.0,4.0,True
KIRC,novel-FDR-sig,PKHD1,11884.0,6645.0,1621.0,2.0,True
KIRC,novel-FDR-sig,DSCAM,477.0,433.0,13.0,,True
KIRC,novel-FDR-sig,DIP2C,1336.0,1147.0,21.0,,True
KIRC,novel-FDR-sig,AHNAK,1205.0,1110.0,3.0,,True
KIRC,novel-FDR-sig,PDZD2,685.0,632.0,1.0,,True
KIRC,non-sig-tested,COL6A6,500.0,461.0,1.0,,True
KIRC,non-sig-tested,ALPK2,3402.0,3323.0,,,True
KIRC,non-sig-tested,LYST,6006.0,4138.0,283.0,1.0,True
KIRC,non-sig-tested,MUC16,942.0,715.0,13.0,,True
KIRC,non-sig-tested,SVEP1,681.0,589.0,,,True
KIRC,non-sig-tested,CENPF,1413.0,959.0,60.0,2.0,True
KIRC,non-sig-tested,PLB1,416.0,341.0,1.0,,True
KIRC,non-sig-tested,NUP205,1029.0,734.0,2.0,1.0,True
KIRC,non-sig-tested,AHNAK2,2334.0,2207.0,1.0,,True
KIRC,non-sig-tested,PKHD1L1,836.0,779.0,7.0,1.0,True
KIRC,non-sig-tested,RP1,2678.0,1859.0,345.0,2.0,True
KIRC,non-sig-tested,UBR4,1044.0,809.0,4.0,,True
KIRC,non-sig-tested,PLG,1011.0,665.0,29.0,2.0,True
KIRC,non-sig-tested,AKAP9,6027.0,3684.0,6.0,3.0,True
KIRC,non-sig-tested,DNAH9,3502.0,2578.0,168.0,1.0,True
KIRC,non-sig-tested,XIRP2,870.0,747.0,5.0,,True
KIRC,non-sig-tested,FBN2,7394.0,4097.0,136.0,2.0,True
KIRC,non-sig-tested,CSMD1,1492.0,1308.0,22.0,,True
KIRC,non-sig-tested,USP34,729.0,613.0,4.0,,True
KIRC,non-sig-tested,MYO16,615.0,538.0,9.0,,True
KIRC,non-sig-tested,CHD4,1094.0,870.0,72.0,1.0,True
KIRC,non-sig-tested,ZFHX4,858.0,769.0,13.0,,True
KIRC,non-sig-tested,RYR2,21182.0,10055.0,272.0,4.0,True
KIRC,non-sig-tested,TP53,12416.0,3966.0,1181.0,18.0,True
KIRC,non-sig-tested,EP300,3708.0,2423.0,283.0,7.0,True
KIRC,non-sig-tested,IGF2R,539.0,425.0,4.0,1.0,True
KIRC,non-sig-tested,BAP1,7504.0,3546.0,437.0,3.0,True
KIRC,non-sig-tested,SLITRK6,526.0,390.0,9.0,1.0,True
KIRC,non-sig-tested,RTTN,2471.0,1695.0,89.0,1.0,True
KIRC,non-sig-tested,AFDN,206.0,143.0,4.0,,True
KIRC,non-sig-tested,LRP2,7779.0,5106.0,211.0,1.0,True
KIRC,non-sig-tested,MYH2,2521.0,1742.0,121.0,1.0,True
KIRC,non-sig-tested,DNAH8,3444.0,2782.0,162.0,1.0,True
KIRC,non-sig-tested,MUC5B,2480.0,1992.0,1.0,2.0,True
KIRC,non-sig-tested,FAT3,842.0,769.0,,,True
KIRC,non-sig-tested,TTN,91787.0,39586.0,5896.0,12.0,True
KIRC,non-sig-tested,COL24A1,321.0,298.0,1.0,,True
KIRC,non-sig-tested,MACF1,2692.0,2025.0,22.0,1.0,True
LIHC,non-sig-tested,CTNNB1,1457.0,988.0,248.0,11.0,True
LIHC,non-sig-tested,OBSCN,6968.0,5891.0,58.0,1.0,True
LIHC,non-sig-tested,DSCAM,477.0,433.0,13.0,,True
LIHC,non-sig-tested,ABCA13,1089.0,954.0,4.0,,True
LIHC,non-sig-tested,HTT,1139.0,923.0,16.0,2.0,True
LIHC,non-sig-tested,CELSR2,1024.0,838.0,2.0,,True
LIHC,non-sig-tested,APOB,10317.0,5063.0,255.0,3.0,True
LIHC,non-sig-tested,SPEN,1256.0,987.0,104.0,1.0,True
LIHC,non-sig-tested,PCLO,4208.0,3398.0,77.0,2.0,True
LIHC,non-sig-tested,TP53,12416.0,3966.0,1181.0,18.0,True
LIHC,non-sig-tested,GLI2,2141.0,1325.0,96.0,3.0,True
LIHC,non-sig-tested,PRUNE2,620.0,573.0,1.0,,True
LIHC,non-sig-tested,RYR2,21182.0,10055.0,272.0,4.0,True
LIHC,non-sig-tested,MUC16,942.0,715.0,13.0,,True
LIHC,non-sig-tested,DNAH8,3444.0,2782.0,162.0,1.0,True
LIHC,non-sig-tested,DCHS1,3796.0,2650.0,42.0,3.0,True
LIHC,non-sig-tested,FASN,3028.0,2549.0,1.0,,True
LIHC,non-sig-tested,AHNAK2,2334.0,2207.0,1.0,,True
LIHC,non-sig-tested,SACS,8150.0,4984.0,1008.0,1.0,True
LIHC,non-sig-tested,NCOR1,506.0,410.0,2.0,,True
LIHC,non-sig-tested,RB1,8107.0,4751.0,1019.0,6.0,True
LIHC,non-sig-tested,HK3,328.0,291.0,,,True
LIHC,non-sig-tested,DNAH2,995.0,859.0,9.0,1.0,True
LIHC,non-sig-tested,FREM2,3664.0,2555.0,130.0,2.0,True
LIHC,non-sig-tested,HERC2,2158.0,1612.0,171.0,3.0,True
LIHC,non-sig-tested,SDK1,760.0,675.0,5.0,,True
LIHC,non-sig-tested,PRDM15,401.0,365.0,1.0,,True
LIHC,non-sig-tested,ALB,341.0,262.0,20.0,2.0,True
LIHC,non-sig-tested,LRP1B,864.0,737.0,12.0,,True
LIHC,non-sig-tested,PIK3CA,2530.0,1613.0,113.0,24.0,True
LIHC,non-sig-tested,TTN,91787.0,39586.0,5896.0,12.0,True
LIHC,non-sig-tested,KCNB2,150.0,137.0,1.0,,True
BRCA,non-sig-tested,ANKRD12,410.0,389.0,,,True
BRCA,non-sig-tested,PIK3CA,2530.0,1613.0,113.0,24.0,True
BRCA,non-sig-tested,AKT1,1427.0,1019.0,4.0,11.0,True
BRCA,non-sig-tested,MACF1,2692.0,2025.0,22.0,1.0,True
BRCA,non-sig-tested,CACNA1C,6602.0,3849.0,108.0,5.0,True
BRCA,non-sig-tested,MAP3K1,725.0,480.0,19.0,3.0,True
BRCA,non-sig-tested,RYR3,2540.0,1960.0,3.0,1.0,True
BRCA,non-sig-tested,TP53,12416.0,3966.0,1181.0,18.0,True
BRCA,non-sig-tested,OBSCN,6968.0,5891.0,58.0,1.0,True
BRCA,non-sig-tested,NEB,19924.0,12467.0,1921.0,3.0,True
BRCA,non-sig-tested,DNAH1,3918.0,2974.0,141.0,3.0,True
BRCA,non-sig-tested,CDH1,13605.0,5227.0,695.0,10.0,True
BRCA,non-sig-tested,CSMD3,683.0,615.0,4.0,,True
BRCA,non-sig-tested,RYR2,21182.0,10055.0,272.0,4.0,True
BRCA,non-sig-tested,HMCN1,5260.0,3892.0,2.0,2.0,True
BRCA,non-sig-tested,CUBN,4318.0,2608.0,208.0,2.0,True
BRCA,non-sig-tested,MUC5B,2480.0,1992.0,1.0,2.0,True
BRCA,non-sig-tested,ZNF292,1053.0,877.0,102.0,1.0,True
BRCA,non-sig-tested,MUC16,942.0,715.0,13.0,,True
BRCA,non-sig-tested,DMD,19184.0,11848.0,3488.0,4.0,True
BRCA,non-sig-tested,RB1CC1,329.0,289.0,8.0,3.0,True
BRCA,non-sig-tested,TRIP11,1678.0,1092.0,90.0,3.0,True
BRCA,non-sig-tested,SPEN,1256.0,987.0,104.0,1.0,True
BRCA,non-sig-tested,MYH15,437.0,386.0,1.0,,True
BRCA,non-sig-tested,UBR5,627.0,458.0,8.0,1.0,True
BRCA,non-sig-tested,COL12A1,6045.0,4070.0,138.0,4.0,True
BRCA,non-sig-tested,USH2A,19707.0,9672.0,2339.0,3.0,True
BRCA,non-sig-tested,TENM1,1100.0,916.0,4.0,,True
BRCA,non-sig-tested,TTN,91787.0,39586.0,5896.0,12.0,True
BRCA,non-sig-tested,DNAH2,995.0,859.0,9.0,1.0,True
BRCA,non-sig-tested,DNAH9,3502.0,2578.0,168.0,1.0,True
BRCA,non-sig-tested,ZDBF2,566.0,503.0,,,True
BRCA,non-sig-tested,KMT2C,3659.0,2749.0,194.0,2.0,True
BRCA,non-sig-tested,MYCBP2,1069.0,927.0,18.0,,True
BRCA,non-sig-tested,MGA,141.0,111.0,6.0,1.0,True
BRCA,non-sig-tested,PCLO,4208.0,3398.0,77.0,2.0,True
BRCA,non-sig-tested,CSMD1,1492.0,1308.0,22.0,,True
BRCA,non-sig-tested,PIK3R1,1083.0,767.0,80.0,4.0,True
BRCA,non-sig-tested,SYNE1,13440.0,7095.0,398.0,5.0,True
BRCA,non-sig-tested,CSMD2,600.0,578.0,2.0,,True
BRCA,non-sig-tested,HIVEP1,541.0,506.0,1.0,,True
BRCA,non-sig-tested,ATM,50933.0,19500.0,4028.0,4.0,True
BRCA,non-sig-tested,TENM3,953.0,784.0,18.0,1.0,True
BRCA,non-sig-tested,DST,5271.0,4105.0,202.0,4.0,True
BRCA,non-sig-tested,SDK1,760.0,675.0,5.0,,True
BRCA,non-sig-tested,SYNE2,7450.0,4838.0,13.0,3.0,True
BRCA,non-sig-tested,FAM47B,271.0,264.0,,,True
BRCA,non-sig-tested,RUNX1,4656.0,1926.0,266.0,2.0,True
BRCA,non-sig-tested,UTRN,834.0,722.0,7.0,,True
BRCA,non-sig-tested,FAT3,842.0,769.0,,,True
BRCA,non-sig-tested,MAP2K4,80.0,73.0,1.0,,True
BRCA,non-sig-tested,GATA3,793.0,561.0,116.0,1.0,True
BRCA,non-sig-tested,FLG,3032.0,2154.0,247.0,3.0,True
BRCA,non-sig-tested,SCN5A,13901.0,5053.0,559.0,17.0,True
BRCA,non-sig-tested,TBC1D25,306.0,269.0,1.0,,True
BRCA,non-sig-tested,TRIO,2722.0,2010.0,182.0,2.0,True
BRCA,non-sig-tested,NCOR1,506.0,410.0,2.0,,True
BRCA,non-sig-tested,APOB,10317.0,5063.0,255.0,3.0,True
BRCA,non-sig-tested,RYR1,24471.0,11109.0,815.0,10.0,True
BRCA,non-sig-tested,DNAH5,10527.0,6748.0,1162.0,2.0,True
BRCA,non-sig-tested,MYO9A,734.0,571.0,3.0,2.0,True
